{
    "accuracy": 0.9230769230769231,
    "precision": 0.9384615384615385,
    "recall": 0.9230769230769231,
    "f1_score": 0.9250879839115134
}